{
  "version": "v1",
  "n_panels": 200,
  "t_len": 150,
  "phi_null": 0.5,
  "band_lo_years": 7.0,
  "band_hi_years": 11.0,
  "pairs": [
    {
      "left": "cf_hilbert",
      "right": "sign_of_velocity",
      "mean_agreement": 0.7944666666666665,
      "median_agreement": 0.7933333333333333,
      "agreement_distribution": [
        0.8266666666666667,
        0.82,
        0.82,
        0.7733333333333333,
        0.74,
        0.7933333333333333,
        0.7866666666666666,
        0.8733333333333333,
        0.8,
        0.72,
        0.8066666666666666,
        0.8,
        0.7733333333333333,
        0.7866666666666666,
        0.8,
        0.8466666666666667,
        0.7533333333333333,
        0.84,
        0.8066666666666666,
        0.8333333333333334,
        0.82,
        0.8133333333333334,
        0.7133333333333334,
        0.82,
        0.7666666666666667,
        0.7666666666666667,
        0.7933333333333333,
        0.7533333333333333,
        0.8333333333333334,
        0.7533333333333333,
        0.7933333333333333,
        0.8066666666666666,
        0.76,
        0.84,
        0.8,
        0.8133333333333334,
        0.8,
        0.8066666666666666,
        0.82,
        0.7466666666666667,
        0.78,
        0.8133333333333334,
        0.7333333333333333,
        0.7666666666666667,
        0.82,
        0.7866666666666666,
        0.82,
        0.8133333333333334,
        0.8,
        0.7466666666666667,
        0.86,
        0.78,
        0.78,
        0.8266666666666667,
        0.7733333333333333,
        0.8066666666666666,
        0.8133333333333334,
        0.7333333333333333,
        0.7666666666666667,
        0.7866666666666666,
        0.7933333333333333,
        0.78,
        0.8333333333333334,
        0.8133333333333334,
        0.8133333333333334,
        0.82,
        0.8266666666666667,
        0.7666666666666667,
        0.7933333333333333,
        0.74,
        0.7933333333333333,
        0.78,
        0.8066666666666666,
        0.72,
        0.8133333333333334,
        0.8333333333333334,
        0.78,
        0.7733333333333333,
        0.7533333333333333,
        0.8066666666666666,
        0.8066666666666666,
        0.7533333333333333,
        0.84,
        0.8133333333333334,
        0.7933333333333333,
        0.7866666666666666,
        0.8133333333333334,
        0.8666666666666667,
        0.7866666666666666,
        0.8266666666666667,
        0.7666666666666667,
        0.82,
        0.8466666666666667,
        0.7733333333333333,
        0.8066666666666666,
        0.7933333333333333,
        0.8466666666666667,
        0.7666666666666667,
        0.7866666666666666,
        0.8066666666666666,
        0.7733333333333333,
        0.8,
        0.76,
        0.8333333333333334,
        0.78,
        0.82,
        0.74,
        0.7866666666666666,
        0.7933333333333333,
        0.84,
        0.7666666666666667,
        0.72,
        0.7666666666666667,
        0.8133333333333334,
        0.7666666666666667,
        0.8133333333333334,
        0.7466666666666667,
        0.76,
        0.7933333333333333,
        0.8,
        0.7733333333333333,
        0.8266666666666667,
        0.7866666666666666,
        0.8066666666666666,
        0.76,
        0.8266666666666667,
        0.84,
        0.8333333333333334,
        0.8266666666666667,
        0.7666666666666667,
        0.8,
        0.7866666666666666,
        0.8066666666666666,
        0.7933333333333333,
        0.8266666666666667,
        0.7866666666666666,
        0.84,
        0.7666666666666667,
        0.78,
        0.7533333333333333,
        0.7866666666666666,
        0.8066666666666666,
        0.7666666666666667,
        0.78,
        0.84,
        0.8,
        0.8466666666666667,
        0.8,
        0.82,
        0.8266666666666667,
        0.7666666666666667,
        0.78,
        0.76,
        0.8,
        0.76,
        0.8133333333333334,
        0.7666666666666667,
        0.8066666666666666,
        0.7866666666666666,
        0.82,
        0.7933333333333333,
        0.7866666666666666,
        0.82,
        0.8066666666666666,
        0.7933333333333333,
        0.7666666666666667,
        0.8133333333333334,
        0.7933333333333333,
        0.8066666666666666,
        0.8266666666666667,
        0.72,
        0.8,
        0.84,
        0.8133333333333334,
        0.8333333333333334,
        0.7466666666666667,
        0.7866666666666666,
        0.78,
        0.74,
        0.7866666666666666,
        0.8066666666666666,
        0.8,
        0.8066666666666666,
        0.7466666666666667,
        0.78,
        0.74,
        0.7933333333333333,
        0.8266666666666667,
        0.7933333333333333,
        0.7933333333333333,
        0.7733333333333333,
        0.78,
        0.8,
        0.8133333333333334,
        0.7933333333333333,
        0.8266666666666667,
        0.76,
        0.7733333333333333,
        0.8266666666666667,
        0.8466666666666667
      ]
    }
  ]
}